{
    "aggregated_metrics": {
        "scenario": "D(100,100)",
        "num_concurrency": 1,
        "batch_size": 1,
        "iteration_type": "num_concurrency",
        "run_duration": 10.592834999999468,
        "mean_output_throughput_tokens_per_s": 94.40343401932063,
        "mean_input_throughput_tokens_per_s": 100.06764006047986,
        "mean_total_tokens_throughput_tokens_per_s": 194.4710740798005,
        "mean_total_chars_per_hour": 2842529.7062152517,
        "requests_per_second": 0.9440343401932063,
        "error_codes_frequency": {},
        "error_rate": 0,
        "num_error_requests": 0,
        "num_completed_requests": 10,
        "num_requests": 10,
        "total_arrivals": 10,
        "arrival_requests_per_second": 0.9440354133782274,
        "stats": {
            "ttft": {
                "min": 0.22021445800055517,
                "max": 0.3500749579980038,
                "mean": 0.256500058299207,
                "stddev": 0.04282550157817509,
                "sum": 2.56500058299207,
                "p25": 0.2253017914981683,
                "p50": 0.23779947950060887,
                "p75": 0.27617133374951663,
                "p90": 0.31826198299859243,
                "p95": 0.33416847049829806,
                "p99": 0.3468936604980627
            },
            "tpot": {
                "min": 0.005849684343433402,
                "max": 0.010549897303031006,
                "mean": 0.00808820635454939,
                "stddev": 0.0017843046853905104,
                "sum": 0.0808820635454939,
                "p25": 0.006212665196977064,
                "p50": 0.008174279459604125,
                "p75": 0.00976647663636032,
                "p90": 0.010412751466668337,
                "p95": 0.010481324384849671,
                "p99": 0.010536182719394738
            },
            "e2e_latency": {
                "min": 0.8390649590000976,
                "max": 1.2646542910006247,
                "mean": 1.0572324873995966,
                "stddev": 0.15662392763026317,
                "sum": 10.572324873995967,
                "p25": 0.8995383749988832,
                "p50": 1.0772647289995803,
                "p75": 1.2001424165000572,
                "p90": 1.2552384909988177,
                "p95": 1.2599463909997213,
                "p99": 1.263712711000444
            },
            "output_latency": {
                "min": 0.5791187499999069,
                "max": 1.0444398330000695,
                "mean": 0.8007324291003897,
                "stddev": 0.1766461638536605,
                "sum": 8.007324291003897,
                "p25": 0.6150538545007294,
                "p50": 0.8092536665008083,
                "p75": 0.9668811869996716,
                "p90": 1.0308623952001654,
                "p95": 1.0376511141001175,
                "p99": 1.0430820892200792
            },
            "output_inference_speed": {
                "min": 94.78765255020048,
                "max": 170.9493950938662,
                "mean": 130.00218629069175,
                "stddev": 29.123246771583744,
                "sum": 1300.0218629069175,
                "p25": 102.5290636476591,
                "p50": 122.33526089056673,
                "p75": 161.0161147040422,
                "p90": 165.86344583564593,
                "p95": 168.40642046475605,
                "p99": 170.44080016804418
            },
            "num_input_tokens": {
                "min": 106,
                "max": 106,
                "mean": 106.0,
                "stddev": 0.0,
                "sum": 1060,
                "p25": 106.0,
                "p50": 106.0,
                "p75": 106.0,
                "p90": 106.0,
                "p95": 106.0,
                "p99": 106.0
            },
            "num_output_tokens": {
                "min": 100,
                "max": 100,
                "mean": 100.0,
                "stddev": 0.0,
                "sum": 1000,
                "p25": 100.0,
                "p50": 100.0,
                "p75": 100.0,
                "p90": 100.0,
                "p95": 100.0,
                "p99": 100.0
            },
            "total_tokens": {
                "min": 206,
                "max": 206,
                "mean": 206.0,
                "stddev": 0.0,
                "sum": 2060,
                "p25": 206.0,
                "p50": 206.0,
                "p75": 206.0,
                "p90": 206.0,
                "p95": 206.0,
                "p99": 206.0
            },
            "input_throughput": {
                "min": 302.79229513070294,
                "max": 481.34895847634476,
                "mean": 423.313860404569,
                "stddev": 60.619220998973454,
                "sum": 4233.13860404569,
                "p25": 385.59068600752573,
                "p50": 445.797185903382,
                "p75": 470.4860021135863,
                "p90": 479.23381711422746,
                "p95": 480.2913877952861,
                "p99": 481.137444340133
            },
            "output_throughput": {
                "min": 94.78765255020048,
                "max": 170.9493950938662,
                "mean": 130.00218629069175,
                "stddev": 29.123246771583744,
                "sum": 1300.0218629069175,
                "p25": 102.5290636476591,
                "p50": 122.33526089056673,
                "p75": 161.0161147040422,
                "p90": 165.86344583564593,
                "p95": 168.40642046475605,
                "p99": 170.44080016804418
            }
        }
    },
    "individual_request_metrics": [
        {
            "ttft": 0.3500749579980038,
            "tpot": 0.006145908252537166,
            "e2e_latency": 0.9585198749991832,
            "output_latency": 0.6084449170011794,
            "output_inference_speed": 162.709880933738,
            "num_input_tokens": 106,
            "num_output_tokens": 100,
            "total_tokens": 206,
            "input_throughput": 302.79229513070294,
            "output_throughput": 162.709880933738,
            "error_code": null,
            "error_message": null
        },
        {
            "ttft": 0.23545108400139725,
            "tpot": 0.009969004202007041,
            "e2e_latency": 1.2223825000000943,
            "output_latency": 0.986931415998697,
            "output_inference_speed": 100.31092170657044,
            "num_input_tokens": 106,
            "num_output_tokens": 100,
            "total_tokens": 206,
            "input_throughput": 450.1996686469745,
            "output_throughput": 100.31092170657044,
            "error_code": null,
            "error_message": null
        },
        {
            "ttft": 0.2401478749998205,
            "tpot": 0.006049667515154314,
            "e2e_latency": 0.8390649590000976,
            "output_latency": 0.5989170840002771,
            "output_inference_speed": 165.29834036251034,
            "num_input_tokens": 106,
            "num_output_tokens": 100,
            "total_tokens": 206,
            "input_throughput": 441.3947031597895,
            "output_throughput": 165.29834036251034,
            "error_code": null,
            "error_message": null
        },
        {
            "ttft": 0.22129491699888604,
            "tpot": 0.008187486111104718,
            "e2e_latency": 1.0318560419982532,
            "output_latency": 0.8105611249993672,
            "output_inference_speed": 122.1376117687328,
            "num_input_tokens": 106,
            "num_output_tokens": 100,
            "total_tokens": 206,
            "input_throughput": 478.9988014073255,
            "output_throughput": 122.1376117687328,
            "error_code": null,
            "error_message": null
        },
        {
            "ttft": 0.31472720799865783,
            "tpot": 0.00816107280810353,
            "e2e_latency": 1.1226734160009073,
            "output_latency": 0.8079462080022495,