{
    "aggregated_metrics": {
        "scenario": "D(100,100)",
        "num_concurrency": 1,
        "batch_size": 1,
        "iteration_type": "num_concurrency",
        "run_duration": 13.235636791998331,
        "mean_output_throughput_tokens_per_s": 75.55359940101673,
        "mean_input_throughput_tokens_per_s": 80.08681536507773,
        "mean_total_tokens_throughput_tokens_per_s": 155.64041476609444,
        "mean_total_chars_per_hour": 2274952.738106151,
        "requests_per_second": 0.7555359940101672,
        "error_codes_frequency": {},
        "error_rate": 0,
        "num_error_requests": 0,
        "num_completed_requests": 10,
        "num_requests": 10,
        "total_arrivals": 10,
        "arrival_requests_per_second": 0.7555364173983652,
        "stats": {
            "ttft": {
                "min": 0.21205437500066182,
                "max": 1.3302731250005309,
                "mean": 0.37871779170054654,
                "stddev": 0.3243505229525499,
                "sum": 3.787177917005465,
                "p25": 0.2285690415010322,
                "p50": 0.24124983350066032,
                "p75": 0.3679175725001187,
                "p90": 0.49890517470012097,
                "p95": 0.9145891498503251,
                "p99": 1.24713632997049
            },
            "tpot": {
                "min": 0.005591924666665786,
                "max": 0.01372738005049927,
                "mean": 0.009530514981814103,
                "stddev": 0.0029292324515291794,
                "sum": 0.09530514981814102,
                "p25": 0.006486928661606634,
                "p50": 0.009909387621206921,
                "p75": 0.011997182446971191,
                "p90": 0.013411855050507062,
                "p95": 0.013569617550503166,
                "p99": 0.013695827550500049
            },
            "e2e_latency": {
                "min": 0.8387923749996844,
                "max": 2.2896622080006637,
                "mean": 1.3222387749001427,
                "stddev": 0.43392437830630987,
                "sum": 13.222387749001427,
                "p25": 0.9246458650000022,
                "p50": 1.361910145499678,
                "p75": 1.5502193125012127,
                "p90": 1.6560348705006616,
                "p95": 1.9728485392506618,
                "p99": 2.2262994742506637
            },
            "output_latency": {
                "min": 0.5536005419999128,
                "max": 1.3590106249994278,
                "mean": 0.9435209831995962,
                "stddev": 0.28999401270138875,
                "sum": 9.435209831995962,
                "p25": 0.6422059374990567,
                "p50": 0.9810293744994851,
                "p75": 1.187721062250148,
                "p90": 1.3277736500001993,
                "p95": 1.3433921374998135,
                "p99": 1.355886927499505
            },
            "output_inference_speed": {
                "min": 72.84711258239183,
                "max": 178.82930468665543,
                "mean": 116.27696193587008,
                "stddev": 37.752253342430016,
                "sum": 1162.7696193587008,
                "p25": 83.60892400778056,
                "p50": 100.96353720531343,
                "p75": 154.41254017947833,
                "p90": 161.83571209536998,
                "p95": 170.33250839101268,
                "p99": 177.1299454275269
            },
            "num_input_tokens": {
                "min": 106,
                "max": 106,
                "mean": 106.0,
                "stddev": 0.0,
                "sum": 1060,
                "p25": 106.0,
                "p50": 106.0,
                "p75": 106.0,
                "p90": 106.0,
                "p95": 106.0,
                "p99": 106.0
            },
            "num_output_tokens": {
                "min": 100,
                "max": 100,
                "mean": 100.0,
                "stddev": 0.0,
                "sum": 1000,
                "p25": 100.0,
                "p50": 100.0,
                "p75": 100.0,
                "p90": 100.0,
                "p95": 100.0,
                "p99": 100.0
            },
            "total_tokens": {
                "min": 206,
                "max": 206,
                "mean": 206.0,
                "stddev": 0.0,
                "sum": 2060,
                "p25": 206.0,
                "p50": 206.0,
                "p75": 206.0,
                "p90": 206.0,
                "p95": 206.0,
                "p99": 206.0
            },
            "input_throughput": {
                "min": 79.68288467073835,
                "max": 499.8717899579727,
                "mean": 376.88251189643876,
                "stddev": 126.66841053664018,
                "sum": 3768.8251189643875,
                "p25": 297.1337916794615,
                "p50": 439.50501986854783,
                "p75": 463.8542078592467,
                "p90": 472.265065960273,
                "p95": 486.0684279591228,
                "p99": 497.1111175582027
            },
            "output_throughput": {
                "min": 72.84711258239183,
                "max": 178.82930468665543,
                "mean": 116.2769619358701,
                "stddev": 37.75225334243002,
                "sum": 1162.769619358701,
                "p25": 83.60892400778056,
                "p50": 100.96353720531343,
                "p75": 154.41254017947836,
                "p90": 161.83571209536998,
                "p95": 170.33250839101268,
                "p99": 177.1299454275269
            },
            "network_connect_time": {
                "min": 0.14201162499921338,
                "max": 0.14201162499921338,
                "mean": 0.14201162499921338,
                "stddev": 0.0,
                "sum": 0.14201162499921338,
                "p25": 0.14201162499921338,
                "p50": 0.14201162499921338,
                "p75": 0.14201162499921338,
                "p90": 0.14201162499921338,
                "p95": 0.14201162499921338,
                "p99": 0.14201162499921338
            },
            "network_dns_time": {
                "min": 0.11165504100063117,
                "max": 0.11165504100063117,
                "mean": 0.11165504100063117,
                "stddev": 0.0,
                "sum": 0.11165504100063117,
                "p25": 0.11165504100063117,
                "p50": 0.11165504100063117,
                "p75": 0.11165504100063117,
                "p90": 0.11165504100063117,
                "p95": 0.11165504100063117,
                "p99": 0.11165504100063117
            },
            "network_tls_time": {
                "min": null,
                "max": null,
                "mean": null,
                "stddev": null,
                "sum": null,
                "p25": null,
                "p50": null,
                "p75": null,
                "p90": null,
                "p95": null,
                "p99": null
            }
        }
    },
    "individual_request_metrics": [
        {
            "ttft": 1.3302731250005309,
            "tpot": 0.00969079881818316,
            "e2e_latency": 2.2896622080006637,
            "output_latency": 0.9593890830001328,
            "output_inference_speed": 103.19066763863341,
            "num_input_tokens": 106,
            "num_output_tokens": 100,
            "total_tokens": 206,
            "input_throughput": 79.68288467073835,
            "output_throughput": 103.19066763863343,
            "error_code": null,
            "error_message": null,
            "network_connect_time": 0.14201162499921338,
            "network_dns_time": 0.11165504100063117,
            "network_tls_time": null
        },
        {
            "ttft": 0.23715729200011992,
            "tpot": 0.01012797642423068,
            "e2e_latency": 1.2398269579989574,
            "output_latency": 1.0026696659988374,
            "output_inference_speed": 98.73640677199343,
            "num_input_tokens": 106,