{
    "aggregated_metrics": {
        "scenario": "D(100,100)",
        "num_concurrency": 1,
        "batch_size": 1,
        "iteration_type": "num_concurrency",
        "run_duration": 16.249803958000484,
        "mean_output_throughput_tokens_per_s": 61.53920395499027,
        "mean_input_throughput_tokens_per_s": 65.23155619228969,
        "mean_total_tokens_throughput_tokens_per_s": 126.77076014727996,
        "mean_total_chars_per_hour": 1852973.0105273323,
        "requests_per_second": 0.6153920395499027,
        "error_codes_frequency": {},
        "error_rate": 0,
        "num_error_requests": 0,
        "num_completed_requests": 10,
        "num_requests": 10,
        "total_arrivals": 10,
        "arrival_requests_per_second": 0.6153923630040719,
        "stats": {
            "ttft": {
                "min": 0.23796362499888346,
                "max": 0.44314558299993223,
                "mean": 0.3209541044001526,
                "stddev": 0.060575199876918256,
                "sum": 3.2095410440015257,
                "p25": 0.28135591675072646,
                "p50": 0.31550466700082325,
                "p75": 0.3506861985001706,
                "p90": 0.3917009088998384,
                "p95": 0.4174232459498852,
                "p99": 0.43800111558992283
            },
            "tpot": {
                "min": 0.006813958757567264,
                "max": 0.025184898141404375,
                "mean": 0.013156537792930995,
                "stddev": 0.0047445751006465215,
                "sum": 0.13156537792930995,
                "p25": 0.010870714957073145,
                "p50": 0.012960756525256264,
                "p75": 0.014367655825765843,
                "p90": 0.015720870877778747,
                "p95": 0.02045288450959155,
                "p99": 0.024238495415041816
            },
            "e2e_latency": {
                "min": 1.017513083999802,
                "max": 2.8792897499988612,
                "mean": 1.623451345900321,
                "stddev": 0.49477856807313697,
                "sum": 16.23451345900321,
                "p25": 1.4104764792505193,
                "p50": 1.5958630835002623,
                "p75": 1.6794591142511308,
                "p90": 1.9937957250000178,
                "p95": 2.4365427374994386,
                "p99": 2.790740347498977
            },
            "output_latency": {
                "min": 0.6745819169991591,
                "max": 2.4933049159990333,
                "mean": 1.3024972415001685,
                "stddev": 0.4697129349640056,
                "sum": 13.024972415001685,
                "p25": 1.0762007807502414,
                "p50": 1.2831148960003702,
                "p75": 1.4223979267508184,
                "p90": 1.556366216900096,
                "p95": 2.0248355664495636,
                "p99": 2.3996110460891398
            },
            "output_inference_speed": {
                "min": 39.70633489900775,
                "max": 146.75756569401696,
                "mean": 85.29849794455518,
                "stddev": 28.949881821531182,
                "sum": 852.9849794455519,
                "p25": 69.61957120117319,
                "p50": 77.33650398843224,
                "p75": 92.27894911156966,
                "p90": 126.56238741914925,
                "p95": 136.65997655658308,
                "p99": 144.7380478665302
            },
            "num_input_tokens": {
                "min": 106,
                "max": 106,
                "mean": 106.0,
                "stddev": 0.0,
                "sum": 1060,
                "p25": 106.0,
                "p50": 106.0,
                "p75": 106.0,
                "p90": 106.0,
                "p95": 106.0,
                "p99": 106.0
            },
            "num_output_tokens": {
                "min": 100,
                "max": 100,
                "mean": 100.0,
                "stddev": 0.0,
                "sum": 1000,
                "p25": 100.0,
                "p50": 100.0,
                "p75": 100.0,
                "p90": 100.0,
                "p95": 100.0,
                "p99": 100.0
            },
            "total_tokens": {
                "min": 206,
                "max": 206,
                "mean": 206.0,
                "stddev": 0.0,
                "sum": 2060,
                "p25": 206.0,
                "p50": 206.0,
                "p75": 206.0,
                "p90": 206.0,
                "p95": 206.0,
                "p99": 206.0
            },
            "input_throughput": {
                "min": 239.1990444368622,
                "max": 445.44623154272995,
                "mean": 341.92826699666443,
                "stddev": 63.02411100870173,
                "sum": 3419.2826699666443,
                "p25": 302.3145499714274,
                "p50": 336.88386410863734,
                "p75": 376.976645638281,
                "p90": 434.9043596607592,
                "p95": 440.17529560174455,
                "p99": 444.39204435453286
            },
            "output_throughput": {
                "min": 39.70633489900775,
                "max": 146.75756569401696,
                "mean": 85.29849794455518,
                "stddev": 28.949881821531182,
                "sum": 852.9849794455519,
                "p25": 69.61957120117319,
                "p50": 77.33650398843223,
                "p75": 92.27894911156966,
                "p90": 126.56238741914925,
                "p95": 136.65997655658308,
                "p99": 144.7380478665302
            },
            "network_connect_time": {
                "min": null,
                "max": null,
                "mean": null,
                "stddev": null,
                "sum": null,
                "p25": null,
                "p50": null,
                "p75": null,
                "p90": null,
                "p95": null,
                "p99": null
            },
            "network_dns_time": {
                "min": null,
                "max": null,
                "mean": null,
                "stddev": null,
                "sum": null,
                "p25": null,
                "p50": null,
                "p75": null,
                "p90": null,
                "p95": null,
                "p99": null
            },
            "network_tls_time": {
                "min": null,
                "max": null,
                "mean": null,
                "stddev": null,
                "sum": null,
                "p25": null,
                "p50": null,
                "p75": null,
                "p90": null,
                "p95": null,
                "p99": null
            }
        }
    },
    "individual_request_metrics": [
        {
            "ttft": 0.2990691250015516,
            "tpot": 0.01396263215151475,
            "e2e_latency": 1.6813697080015118,
            "output_latency": 1.3823005829999602,
            "output_inference_speed": 71.61973395478402,
            "num_input_tokens": 106,
            "num_output_tokens": 100,
            "total_tokens": 206,
            "input_throughput": 354.4331097349152,
            "output_throughput": 71.61973395478402,
            "error_code": null,
            "error_message": null,
            "network_connect_time": null,
            "network_dns_time": null,
            "network_tls_time": null
        },
        {
            "ttft": 0.3319402090000949,
            "tpot": 0.01233458459596523,
            "e2e_latency": 1.5530640840006527,
            "output_latency": 1.2211238750005577,
            "output_inference_speed": 81.07285593769492,
            "num_input_tokens": 106,
            "num_output_tokens": 100,
            "total_tokens": 206,
            "input_throughput": 319.33461848235953,
            "output_throughput": 81.07285593769492,
            "error_code": null,
            "error_message": null,
            "network_connect_time": null,
            "network_dns_time": null,